{"cameraMode":{"drawMode":0,"name":"Shaded","section":"Shading Mode"},"sceneLighting":false,"audioPlay":false,"sceneViewState":{"showFog":true,"showMaterialUpdate":true,"showSkybox":true,"showFlares":true,"showImageEffects":true,"showParticleSystems":true},"in2DMode":false,"pivot":{"x":255.13912963867188,"y":60.34544372558594,"z":90.79032897949219},"rotation":{"x":-0.27042052149772646,"y":-0.080180324614048,"z":0.022606221958994867,"w":-0.9591313004493713},"size":529.0137939453125,"orthographic":false}