{"cameraMode":{"drawMode":0,"name":"Shaded","section":"Shading Mode"},"sceneLighting":false,"audioPlay":false,"sceneViewState":{"showFog":true,"showMaterialUpdate":true,"showSkybox":true,"showFlares":true,"showImageEffects":true,"showParticleSystems":true},"in2DMode":false,"pivot":{"x":9.445093154907227,"y":3.7569713592529299,"z":-0.001842498779296875},"rotation":{"x":-0.27042052149772646,"y":-0.080180324614048,"z":0.022606221958994867,"w":-0.9591313004493713},"size":52.69325637817383,"orthographic":false}